id,name,parent_id,level,created_at,updated_at
1,演员,,0,2025-12-22 11:22:20,2025-12-22 11:22:20
2,桥本有菜,1,1,2025-12-22 11:22:20,2025-12-22 11:22:20
3,类型,,0,2025-12-22 11:22:20,2025-12-22 11:22:20
4,3P,3,1,2025-12-22 11:22:20,2025-12-22 11:22:20
5,小坂七香,1,1,2025-12-22 11:25:47,2025-12-22 11:25:47
6,后入-跪,3,1,2025-12-22 11:31:37,2025-12-22 11:31:37
7,后入-趴,3,1,2025-12-22 11:31:55,2025-12-22 11:31:55
8,后入-躺,3,1,2025-12-22 11:32:17,2025-12-22 11:32:17
9,后入-站,3,1,2025-12-22 11:33:38,2025-12-22 11:33:38
10,女上,3,1,2025-12-22 11:34:26,2025-12-22 11:34:26
11,正入-躺,3,1,2025-12-22 11:35:27,2025-12-22 11:35:27
12,正入-站,3,1,2025-12-22 11:36:35,2025-12-22 11:36:35
13,前贴玻璃,3,1,2025-12-22 11:49:18,2025-12-22 11:49:18
14,袜子类型,,0,2025-12-22 12:22:52,2025-12-22 12:22:52
15,黑色渔网,14,1,2025-12-22 12:22:52,2025-12-22 12:22:52
16,黑丝,14,1,2025-12-22 12:27:49,2025-12-22 12:27:49
17,白丝,14,1,2025-12-22 12:31:14,2025-12-22 12:31:14
18,肉丝,14,1,2025-12-22 12:37:36,2025-12-22 12:37:36
19,黑色小腿袜,14,1,2025-12-22 12:50:04,2025-12-22 12:50:04
20,黑色过膝袜,14,1,2025-12-24 19:20:56,2025-12-24 19:20:56
21,拘束类型,,0,2025-12-24 19:48:17,2025-12-24 19:48:17
22,拘束,21,1,2025-12-24 19:48:17,2025-12-24 19:48:17
23,抱草,3,1,2025-12-25 15:01:33,2025-12-25 15:01:33
24,白色小腿袜,14,1,2025-12-25 16:05:22,2025-12-25 16:05:22
25,白色渔网,14,1,2025-12-25 16:22:03,2025-12-25 16:22:03
26,白色过膝袜,14,1,2025-12-25 21:10:57,2025-12-25 21:10:57
27,评级,,0,2025-12-26 13:09:32,2025-12-26 13:09:32
28,五星,27,1,2025-12-26 13:09:32,2025-12-26 13:09:32
29,桃乃木香奈,1,1,2026-01-10 19:26:35,2026-01-10 19:26:35
